{"Structural":{"T1w_WMref_vol_mL":22.898000717163,
"T1w_SD_WMref":32.131233215332,
"T1w_SNR_GM_Ratio":94.528694152832,
"T1w_CNR_GM_WM_Ratio":0.91907954216,
"T1w_FBER_WMref_Ratio":1766.098388671875,
"T1w_EFC_bits":10350.066782843971,
"T1w_Mean_AI_Perc":3.273519449511,
"T1w_SD_AI_Perc":3.804917896313,
"ID":"sub-001",
"T1w_LR_flip_YesNo":1,
"T1w_IQR_Perc":86.66,
"T1w_GM_vol_mL":1155,
"T1w_WM_vol_mL":594,
"T1w_CSF_vol_mL":124.6,
"T1w_ICV_vol_mL":1874,
"T1w_GM_ICV_Ratio":0.616,
"T1w_WM_ICV_Ratio":0.317,
"T1w_CSF_ICV_Ratio":0.066,
"Version_CAT12":"1615",
"Version_LST":"2.0.15",
"Version_ExploreASL":"1.8.0_BETA",
"Version_Matlab":"9.6",
"Version_SPM12":"7219"},
"ASL":{"TC_ASL2T1w_Perc":0.844489336014,
"ASL_tSNR_GM_Ratio":9.175625414754,
"ASL_tSNR_WM_Ratio":2.548239367261,
"ASL_tSNR_CSF_Ratio":0.509333674248,
"ASL_tSNR_WMref_Ratio":1.857170980244,
"ASL_tSNR_GMWM_Ratio":5.039689646184,
"ASL_tSNR_GMWM_WMref_Ratio":7.13390203464,
"ASL_tSNR_Physio2Thermal_Ratio":0.707770710609,
"ASL_tSNR_Slope_Corr":0.008686666262,
"ASL_CoveragePerc":85.607454017425,
"LR_flip_YesNo":1,
"MotionMean_mm":0.1508,
"MotionExcl_Perc":0,
"MotionMax_mm":0.157,
"MotionSD_mm":0.0199,
"SpatialCoV_GM_Perc":50.798099517822,
"CBF_GM_Median_mL100gmin":56.5377,
"CBF_GM_PVC2_mL100gmin":63.152500152588,
"CBF_WM_PVC2_mL100gmin":6.063899993896,
"CBF_GM_WM_Ratio":10.414500236511,
"LabelingDuration_ms":1800,
"BackgroundSuppressionNumberPulses":4,
"BackgroundSuppressionPulseTime":["3579.9998"," 3346.752","2546.7694","1018.9116"],
"LabelingType":"PCASL",
"Initial_PLD_ms":1800,
"LabelingEfficiency":0.85,
"Matrix":"64  64  40  60",
"VoxelSize_mm":"3.0781 3.6406 4.725",
"RigidBody2Anat_mm":201.981,
"ID":"sub-001_ASL_1",
"RMSE_Perc":32.4106,
"nRMSE_Perc":21.6042,
"Mean_SSIM_Perc":169.816,
"PeakSNR_Ratio":1013.981994628906,
"AI_Perc":12.2224,
"Version_FSL":"Not used/found"}}