{"Structural":{"T1w_WMref_vol_mL":22.898000717163,
"T1w_SD_WMref":32.131233215332,
"T1w_SNR_GM_Ratio":94.528694152832,
"T1w_CNR_GM_WM_Ratio":0.91907954216,
"T1w_FBER_WMref_Ratio":1766.098388671875,
"T1w_EFC_bits":10350.066782843971,
"T1w_Mean_AI_Perc":3.273519449511,
"T1w_SD_AI_Perc":3.804917896313,
"ID":"sub-001",
"T1w_LR_flip_YesNo":1,
"T1w_IQR_Perc":86.66,
"T1w_GM_vol_mL":1155,
"T1w_WM_vol_mL":594,
"T1w_CSF_vol_mL":124.6,
"T1w_ICV_vol_mL":1874,
"T1w_GM_ICV_Ratio":0.616,
"T1w_WM_ICV_Ratio":0.317,
"T1w_CSF_ICV_Ratio":0.066,
"Version_CAT12":"1615",
"Version_LST":"2.0.15",
"Version_ExploreASL":"1.8.0_BETA",
"Version_Matlab":"9.6",
"Version_SPM12":"7219"}}